Mary,968
Jessica,578
Jessica,77
Bob,973
Jessica,578
Jessica,578
Jessica,155
Mary,968
Mary,578
Mary,155
John,973
Bob,973
Bob,155
Mary,77
Mary,578
John,973
Mel,77
Mary,77
Mel,155
John,973
John,968
Mel,155
Jessica,968
John,77
Jessica,973
Mary,155
Mary,578
John,77
Jessica,973
Bob,973
John,77
Jessica,578
Jessica,155
John,155
Bob,77
Mel,77
Jessica,578
Mel,155
Mel,77
Mary,578
Jessica,973
Mel,973
Mel,155
Mel,973
Mel,578
Bob,77
John,973
Jessica,973
Jessica,968
Bob,155
John,973
John,77
Jessica,77
Bob,968
Bob,973
John,973
John,578
John,77
Mel,155
Bob,77
Mel,973
Mel,77
Jessica,77
Mary,77
John,77
John,578
Bob,77
John,973
Mary,973
Bob,155
John,77
Mel,77
John,968
John,973
Bob,973
Mary,973
Bob,968
Jessica,968
Mel,578
Jessica,77
Bob,973
Mel,968
Bob,968
John,155
Jessica,968
Jessica,968
John,578
Bob,973
Bob,968
John,968
Bob,973
Jessica,155
Mel,155
John,968
Jessica,77
Mel,578
Jessica,578
Jessica,973
Mary,578
Mel,77
John,578
Mary,973
John,578
Bob,155
Mary,155
Jessica,973
Jessica,155
Mary,973
Mary,968
Jessica,155
John,968
Mel,77
Jessica,973
Bob,155
Mel,77
Jessica,973
John,77
John,578
Mel,77
Jessica,155
Mel,155
Jessica,973
Bob,973
Mel,155
Jessica,968
Jessica,968
Bob,578
Bob,77
Mel,578
Mel,968
Mary,77
John,973
Mary,77
Mary,968
Jessica,77
Mary,77
Mary,578
John,968
Mel,973
John,968
John,973
Mel,77
Mel,155
John,155
Jessica,968
Mel,968
Mel,973
John,77
Jessica,77
Jessica,77
Mel,77
Mel,77
Mel,77
Bob,578
Jessica,155
John,973
Mel,77
Mary,77
Bob,973
Jessica,968
John,578
Bob,77
Mel,968
Mel,968
Bob,973
John,155
Jessica,578
Bob,77
Bob,77
John,155
Mary,578
John,155
Mel,578
Jessica,77
Mel,973
John,155
Bob,968
Mary,973
Mel,155
Mary,578
Mary,155
Jessica,968
Jessica,77
John,77
Mel,578
Mary,973
Mary,77
John,155
Mary,155
Mel,77
Mary,578
Bob,77
Mel,973
Bob,155
Mary,973
Mel,77
Mary,968
Mary,77
Mel,77
Mary,968
John,77
Bob,155
Mary,578
Bob,77
Mary,968
Mel,77
Mary,578
Jessica,968
Mary,578
John,77
Bob,578
Jessica,973
Mary,77
Bob,77
Mel,578
Mary,578
Bob,155
Jessica,578
Mel,968
Bob,968
Mary,578
Mel,968
Jessica,77
Bob,973
John,578
Jessica,973
Jessica,155
Bob,155
Jessica,968
Bob,578
John,155
Bob,578
Jessica,77
Bob,973
Mary,973
Mary,973
Mary,155
John,77
John,77
Mel,155
Mel,968
Mary,968
Bob,155
John,77
John,155
Jessica,155
Jessica,77
Mel,968
Mary,155
Jessica,968
John,578
John,77
Mel,578
Jessica,973
Jessica,973
John,578
Mary,578
John,973
Bob,973
John,578
Mel,968
Mary,77
Jessica,578
Mel,155
John,968
Bob,973
John,968
Bob,155
Mary,77
Mary,578
Bob,578
Bob,578
Mel,155
John,973
Bob,155
Mary,155
Mary,973
John,155
Bob,578
Jessica,77
John,155
Bob,578
Mary,155
Mary,155
Mary,973
Mary,77
Bob,968
John,973
Mary,973
Jessica,578
Jessica,77
Jessica,968
Bob,968
John,155
Jessica,155
Mel,973
John,578
Mary,578
Mel,973
Bob,155
Jessica,578
Jessica,77
Jessica,155
Jessica,968
Mary,155
Mary,77
Jessica,155
Mel,155
John,968
Mary,578
John,968
John,973
Mary,973
Mary,578
Mel,578
Mel,968
Mel,578
John,77
Jessica,77
Mel,155
Jessica,77
Jessica,973
Mary,578
Jessica,77
Bob,77
Mary,973
Mary,155
Jessica,968
Mary,77
Jessica,77
Mel,77
John,77
John,155
Mel,968
Mel,973
Bob,155
Mel,77
John,968
Mary,973
Bob,973
Mary,973
Jessica,578
Bob,77
Mary,968
Jessica,77
Mel,973
Bob,578
Mel,968
Bob,973
Jessica,77
Bob,77
Jessica,973
Bob,578
John,155
John,155
Bob,77
Mary,968
Mary,77
Mary,968
John,973
John,973
John,77
Bob,77
Mel,155
Mel,968
Mel,155
Mary,155
Mel,77
Mary,968
Mary,578
Bob,578
Mel,155
Mel,155
Mary,973
Jessica,968
Bob,973
Jessica,578
Bob,968
Mel,155
Mel,155
Mary,155
Jessica,578
Jessica,155
Bob,973
Bob,578
Mel,77
Jessica,973
John,77
Mary,968
Mel,77
Bob,155
John,155
Jessica,973
John,77
Bob,578
Mary,155
Bob,155
Mary,578
Mary,155
Mel,973
Bob,968
Bob,155
Mel,578
Mel,968
Mary,973
Mel,578
Bob,973
Bob,973
Mary,77
Mel,77
Jessica,155
John,973
John,973
Mel,973
Mary,973
Mary,973
Bob,77
Mel,968
Mary,973
Mel,578
Bob,77
Bob,578
Mel,578
Mary,155
John,578
Jessica,155
Bob,968
Mary,77
Bob,155
Mary,155
John,578
Jessica,155
Mel,77
Bob,973
Bob,968
John,968
Mel,968
Jessica,155
Jessica,968
Mel,77
John,968
Bob,77
Mel,155
Bob,77
Mary,973
Jessica,973
Mel,77
Jessica,578
Bob,973
John,968
Mel,155
Bob,578
Mary,973
Mary,155
Jessica,77
Mel,155
Bob,973
Mary,155
Mary,155
Bob,77
Jessica,155
Bob,578
Jessica,77
Bob,968
Mary,155
Jessica,973
Bob,578
Mary,973
Jessica,973
Mary,77
Mary,968
Jessica,973
John,973
Jessica,77
Jessica,578
Mary,77
Mary,155
Mary,77
John,77
Jessica,973
John,77
Mary,578
Jessica,973
Mel,968
Bob,968
Mel,973
John,77
Mel,77
Jessica,973
John,155
John,973
Jessica,77
Bob,578
Mary,968
Mel,973
Mel,973
Jessica,578
Bob,968
Jessica,968
Mel,578
Jessica,77
Bob,155
Jessica,155
Mel,77
Mary,578
Mel,77
Bob,578
Bob,973
John,973
Jessica,968
Mary,578
Bob,77
Mary,973
Bob,578
Mel,77
Mel,973
John,968
Mary,77
Mel,968
John,968
Mel,155
Mary,155
Jessica,578
Bob,973
Jessica,968
Mel,155
Jessica,968
John,968
Jessica,77
Mary,973
Mel,578
Bob,578
John,77
Mary,973
Mel,77
Jessica,968
John,968
Mel,578
Bob,77
Mel,973
Mel,155
Mel,968
Mel,973
Bob,578
Mel,155
Mary,77
Jessica,77
Jessica,77
Mary,77
Mel,973
Mel,155
John,77
Bob,578
Mary,973
John,155
Jessica,968
Bob,155
Jessica,973
Mary,155
Mary,155
Bob,578
Mary,973
Bob,973
Jessica,968
Mel,77
Bob,578
Mary,155
John,968
Jessica,77
Mel,968
Mary,77
Mel,77
Mary,578
Mary,973
Bob,578
Bob,973
Mary,968
Jessica,968
Bob,968
Bob,578
John,77
John,77
Bob,578
Mary,968
Jessica,968
Jessica,578
Mary,77
Mary,968
Mary,973
Bob,968
Mel,578
Bob,968
Mel,155
Bob,77
Mel,968
John,77
Jessica,578
Bob,968
Mary,155
John,968
Jessica,968
John,968
John,973
Mary,155
Jessica,973
Jessica,155
John,155
Jessica,77
Jessica,578
Mel,155
Mary,973
Bob,578
John,77
Bob,77
Mary,155
Mary,77
Bob,973
Mary,578
Jessica,968
Mel,973
John,578
John,155
Jessica,968
Bob,578
John,578
Mary,968
Jessica,155
John,155
Jessica,973
Bob,968
Jessica,77
Mel,155
Bob,973
Mary,155
Mel,578
Mary,973
Mary,578
Mel,578
Mel,77
Mel,973
John,968
John,578
Jessica,155
Mary,77
Bob,77
Jessica,155
John,578
Mary,155
John,77
Mel,973
Bob,968
Bob,155
Bob,973
Jessica,973
Jessica,155
Bob,77
Bob,155
John,155
John,968
Mel,973
Mel,968
Bob,968
Bob,578
Mary,77
Mel,578
John,155
Mary,968
Jessica,973
Jessica,973
Mary,973
Bob,155
John,973
Mel,155
Bob,578
John,578
Mel,578
Bob,155
Bob,973
Mary,578
John,77
Mel,77
Bob,968
Mel,968
Jessica,973
Mel,155
Mel,155
Mel,578
Mel,973
John,77
John,77
Mel,155
Jessica,973
Bob,155
Bob,968
John,155
John,155
Jessica,77
John,77
Jessica,77
Mary,968
Bob,77
John,973
Jessica,578
Mary,968
John,578
Jessica,578
Bob,973
Jessica,77
John,155
Mary,973
Mel,973
Bob,968
Mary,973
Bob,578
Bob,968
Bob,77
John,973
Mel,77
Mel,578
Jessica,578
Mel,578
John,578
Bob,968
Bob,973
Mary,968
John,578
Jessica,155
Bob,77
Bob,77
Bob,968
Bob,973
Bob,578
Mel,968
Bob,578
Mel,968
Jessica,155
Mel,155
John,578
Bob,155
Mel,973
Jessica,973
John,968
Jessica,77
Bob,968
Mel,77
Bob,973
Mary,77
Mary,155
John,968
Mel,968
John,968
Jessica,968
Bob,968
Mel,968
Jessica,77
Jessica,155
Jessica,973
Bob,155
Mel,578
Jessica,973
Jessica,578
Mary,578
John,77
Bob,973
John,155
John,578
Jessica,973
Bob,155
Mary,155
Bob,968
Mel,77
John,973
Bob,77
Mary,973
Mel,155
Jessica,973
Bob,968
Mel,77
John,973
Bob,968
Mary,155
Mel,77
Jessica,973
Jessica,77
Mary,77
Bob,968
John,973
Mel,968
John,77
Mary,968
Mary,155
Mel,578
Bob,968
Bob,155
Bob,578
Bob,77
Mel,155
Jessica,578
Jessica,968
Mel,968
Mel,77
Mel,578
Mel,973
John,968
Mary,973
Bob,973
John,578
John,973
Jessica,578
Bob,77
Bob,968
Mel,973
Mary,77
Jessica,155
John,578
Mary,77
Bob,77
Jessica,155
Mary,968
Bob,155
John,973
Mel,973
Mel,973
Mary,77
Jessica,155
Mel,77
Bob,968
Jessica,973
John,968
Mary,968
Bob,968
Mel,77
John,578
John,77
John,578
Jessica,155
John,155
John,578
Bob,155
Jessica,155
Bob,968
Mary,77
Mary,578
Mary,77
Bob,968
Jessica,155
Mel,968
Bob,968
Mary,973
John,968
John,968
John,77
Mary,155
Bob,968
Jessica,155
Bob,973
Bob,578
Jessica,155
Mary,155
Mary,155
Mel,968
Bob,578
John,973
Jessica,578
Mary,155
Mary,155
Jessica,77
Mary,578
Mel,578
Bob,968
Mary,973
Bob,578
John,973
John,77
John,973
Jessica,155
John,968
Bob,578
Jessica,578
John,968
John,155
Mel,578
Mary,578
Mary,968
Mary,973
Mary,973
Jessica,973
Mary,77
John,77
Mel,77
Mary,973
Mel,973
Jessica,578
Bob,77
Bob,155
John,77
Mary,155
Mary,973
Bob,155
Bob,155
Mel,155
Mary,968
Mel,77
John,77
John,968
Bob,968
John,973
John,578
Mel,77
Mel,968
John,973
John,77
Bob,77
John,77
Mel,155
Jessica,77
Mel,968
John,77
John,77
Mel,155
Bob,973
Jessica,77
Jessica,155
Mel,968
Jessica,155
Jessica,77
Mary,973
Mel,968
Mary,973
Mary,578
Mel,155
John,155
Mel,77
John,973
Mel,578
Mel,968
John,155
John,155
Jessica,973
Mary,578
John,973
Jessica,77
Jessica,968
John,578
Mel,973
Mary,155
Mary,973
Mel,968
Mary,968
Mel,973
Mel,968
Jessica,155
Mary,155
Mel,968
Bob,155
Mary,155
Jessica,968
Jessica,578
Mary,973
Bob,77
Bob,77
Bob,968
Bob,77
Bob,973
Bob,578
John,77
Mel,973
Mary,155
Mary,155
John,968
Jessica,578
Jessica,77
Jessica,77
Mel,973
Bob,77
John,973
Mary,973
Bob,77
John,973
Mel,155
Jessica,155
John,578
John,155
Mel,77
Mary,77
Mel,578
Mel,968
Jessica,968
John,578
Mel,578
Jessica,968
John,973
Bob,973
Mel,578
Jessica,578
John,578
Jessica,973
John,77
Jessica,77
John,155
